﻿most_usedbywomen,frequency
one,17
men,17
women,16
world,15
people,15
two,15
all,14
life,14
CDs,13
2008,13
McGraw-Hill,13
man,13
way,13
woman,13
Book,13
Michael E. Eidenmuller,13
things,12
children,12
country,12
opportunity,12
home,11
work,11
family,11
words,11
place,11
society,11
nothing,11
others,11
friends,11
course,10
reason,10
law,10
thing,10
rights,10
nation,10
question,10
government,10
idea,9
times,9
history,9
right,9
something,9
struggle,9
mothers,9
President,9
freedom,9
faith,9
problems,9
education,9
part,9