﻿most_usedbymen,frequency
people,80
one,78
all,75
life,71
country,70
men,68
world,67
man,66
nation,64
way,64
Book,58
Michael E. Eidenmuller,57
history,57
McGraw-Hill,57
two,57
2008,57
CDs,57
government,55
war,55
freedom,54
God,54
peace,53
part,52
power,52
right,51
words,51
course,51
place,50
fact,50
friends,49
lives,48
others,48
things,48
some,48
society,46
order,46
children,46
purpose,45
nothing,45
hope,44
three,43
sense,43
opportunity,43
nations,43
work,43
many,42
President,42
home,41
land,41
action,41