﻿most_usedbywomen,frequency
one,17
men,17
women,16
people,15
two,15
world,15
all,14
life,14
Book,13
McGraw-Hill,13
2008,13
Michael E. Eidenmuller,13
CDs,13
woman,13
way,13
man,13
opportunity,12
children,12
things,12
country,12
words,11
nothing,11
society,11
place,11
friends,11
home,11
family,11
work,11
others,11
course,10
nation,10
law,10
reason,10
question,10
rights,10
government,10
thing,10
right,9
President,9
times,9
problems,9
faith,9
idea,9
freedom,9
mothers,9
something,9
education,9
part,9
history,9
struggle,9
system,9
power,8
point,8
order,8
mother,8
party,8
three,8
everything,8
democracy,8
matter,8
many,8
homes,8
parents,8
liberties,7
case,7
some,7
office,7
liberty,7
sense,7
fact,7
money,7
land,7
laws,7
hands,7
duty,7
beliefs,7
group,7
subject,7
husband,7
lives,7
four,7
another,7
2,7
school,7
meeting,7
speech,7
anything,7
purpose,7
sex,7
families,7
generation,7
schools,7
responsibility,7
action,7
battle,7
millions,6
members,6
issue,6
effort,6
choice,6
Republican,6
person,6
evidence,6
Congress,6
beginning,6
care,6
problem,6
strength,6
nations,6
kind,6
answer,6
hall,6
hand,6
fear,6
belief,6
war,6
form,6
God,6
mine,6
end,6
meaning,6
heart,6
conditions,6
crime,6
hope,6
One,6
position,6
attention,6
job,6
race,6
house,6
number,6
ignorance,6
age,6
leadership,6
anyone,6
air,6
interest,6
leaders,6
representatives,5
reasons,5
Constitution,5
decision,5
other,5
article,5
1,5
manner,5
community,5
discussion,5
few,5
campaign,5
3,5
debate,5
parties,5
need,5
independence,5
4,5
chance,5
American,5
charge,5
Democrat,5
justice,5
White House,5
living,5
convention,5
any,5
taxes,5
friend,5
citizens,5
service,5
spirit,5
minds,5
field,5
blood,5
same,5
opponents,5
discrimination,5
interests,5
truth,5
extent,5
ideals,5
principles,5
existence,5
wives,5
behalf,5
state,5
death,5
each other,5
force,5
baby,5
love,5
election,5
child,5
somebody,5
food,5
hopes,5
forces,5
time,5
type,5
human beings,5
result,5
mind,5
difference,5
language,5
property,5
jury,5
change,5
countries,5
America,5
dreams,5
leader,5
changes,5
questions,5
sisters,5
authority,5
victory,5
daughters,5
ideas,5
risk,5
places,5
science,5
cost,5
cause,5
terms,5
majority,5
light,5
Women,5
business,4
act,4
birth,4
opposition,4
movement,4
public,4
emancipation,4
institutions,4
numbers,4
appeal,4
task,4
No one,4
activities,4
exception,4
body,4
powers,4
persons,4
information,4
cases,4
direction,4
account,4
methods,4
bill,4
Europe,4
beauty,4
peace,4
privilege,4
motherhood,4
voice,4
rate,4
humanity,4
theory,4
vision,4
basis,4
individuals,4
opinion,4
husbands,4
religion,4
citizenship,4
attitude,4
expense,4
application,4
size,4
word,4
future,4
New York,4
souls,4
effect,4
citizen,4
Men,4
courage,4
daughter,4
whole,4
ideal,4
politics,4
principle,4
none,4
town,4
injustice,4
importance,4
side,4
soul,4
condition,4
paper,4
means,4
college,4
earth,4
labor,4
Washington,4
disease,4
hearts,4
dream,4
signs,4
example,4
jobs,4
tradition,4
more,4
economy,4
students,4
kids,4
control,4
5,4
suspicion,4
criticism,4
lack,4
record,4
acts,4
Government,4
character,4
dictatorship,4
trial,4
deal,4
doctor,4
joy,4
color,4
class,4
father,4
bodies,4
ways,4
support,4
call,4
prejudice,4
meetings,4
tyranny,4
needs,4
competition,4
equality,4
workers,4
consideration,4
each,4
instance,4
organization,4
press,4
reaction,4
revolution,4
expression,4
Russian,4
pay,4
name,4
failure,4
thousands,4
statement,4
play,3
drugs,3
holidays,3
sound,3
Administration,3
Democrats,3
danger,3
security,3
Party,3
Americans,3
someone,3
necessity,3
challenge,3
addition,3
officials,3
confusion,3
unity,3
court,3
victims,3
programs,3
issues,3
exploitation,3
policy,3
first,3
honor,3
experiences,3
verdict,3
All,3
career,3
conversation,3
test,3
book,3
reality,3
moments,3
pity,3
judgment,3
practice,3
measure,3
hospital,3
hearings,3
traditions,3
soil,3
peoples,3
compromise,3
document,3
employment,3
points,3
standards,3
facts,3
Supreme Court,3
mankind,3
generations,3
experience,3
industry,3
progress,3
approach,3
heritage,3
purposes,3
analysis,3
France,3
sympathy,3
states,3
steps,3
efforts,3
roots,3
achievement,3
minorities,3
newspapers,3
London,3
agreement,3
doubt,3
enemies,3
administration,3
Children,3
partnership,3
gentlemen,3
pride,3
exile,3
police,3
1917,3
devotion,3
passage,3
patience,3
patriotism,3
conclusion,3
possibilities,3
situation,3
most,3
State,3
stage,3
violence,3
views,3
factory,3
Some,3
poverty,3
German,3
occupation,3
Canada,3
wars,3
hospitals,3
activity,3
wages,3
circumstances,3
loss,3
crisis,3
human society,3
movements,3
influence,3
lot,3
amendment,3
18,3
committee,3
crimes,3
defendants,3
possession,3
materials,3
subjects,3
Chairman,3
series,3
investigation,3
member,3
charges,3
material,3
23,3
matters,3
20,3
preservation,3
actions,3
grounds,3
knowledge,3
plan,3
method,3
Senate,3
nature,3
harm,3
desires,3
Susan B. Anthony,3
fighting,3
legislature,3
duties,3
desire,3
debt,3
everyone,3
results,3
juries,3
Jews,3
story,3
arms,3
slavery,3
front,3
symbol,3
debates,3
wealth,3
neighbors,3
intelligence,3
votes,3
fifty,3
aspirations,3
burden,3
relationship,3
ladies,3
doctrine,3
hundreds,3
boy,3
literature,3
six,3
ten,3
documents,3
argument,3
differences,3
protection,3
declaration,3
civilization,3
vote,3
sort,3
space,3
no one,3
Twenty,3
church,3
Massachusetts,3
suffrage,3
kinds,3
city,3
eyes,3
energy,3
towns,3
controversy,3
boys,3
use,3
criminals,3
evolution,3
girls,3
kings,3
concern,3
son,3
list,3
bread,3
suffragists,3
girl,3
voters,3
fathers,3
Declaration of Independence,3
governments,3
Nation,3
theories,3
Father,3
aim,3
wife,3
water,3
stand,3
illness,3
People,3
systems,3
enterprise,3
defense,3
teacher,3
resources,3
radio,3
struggles,3
assistance,2
CIA,2
proceedings,2
conduct,2
Woodrow Wilson,2
passion,2
processes,2
immunity,2
interpretation,2
passions,2
eight,2
anxiety,2
lines,2
trust,2
pain,2
process,2
funds,2
conviction,2
participation,2
House,2
cooperation,2
statements,2
term,2
judges,2
face,2
confines,2
balance,2
division,2
shores,2
Governments,2
anywhere,2
taxpayer,2
step,2
twenty,2
inconsistencies,2
advantage,2
half,2
somewhere,2
Democratic,2
Neither,2
forms,2
diseases,2
socialists,2
unit,2
New Jersey,2
conscience,2
Germany,2
pains,2
charities,2
babies,2
mouth,2
feminist,2
difficulty,2
philanthropy,2
unborn,2
Brooklyn,2
British,2
credit,2
neighbor,2
human soul,2
seventy-five,2
policeman,2
resort,2
reflection,2
foundation,2
connection,2
Irish,2
Portland,2
consent,2
socialism,2
sword,2
Life,2
resolution,2
Millions,2
auction block,2
inconsistency,2
regard,2
length,2
everywhere,2
human being,2
grave,2
a hundred,2
slums,2
heads,2
enfranchisement,2
proposition,2
infant,2
twenty-one,2
Greek,2
definition,2
thirteen,2
bit,2
jail,2
New England,2
figures,2
letter,2
Republic,2
reporter,2
army,2
Someone,2
third,2
philanthropies,2
males,2
trouble,2
thrill,2
finger,2
Colorado,2
making,2
automobile,2
restaurant,2
significance,2
San Francisco,2
languages,2
value,2
Election Day,2
French,2
Boston,2
neglect,2
ability,2
Chicago,2
ballot,2
brain,2
anti-suffragists,2
papers,2
harmony,2
Republicans,2
cannon,2
Antis,2
Italian,2
California,2
five,2
nights,2
innocence,2
feminists,2
charity,2
sister,2
Jew,2
shoulders,2
manhood,2
farmers,2
ends,2
child care,2
floor,2
good,2
talk,2
promise,2
pieces,2
areas,2
continuity,2
AIDS,2
Spanish,2
tolerance,2
fault,2
FBI,2
isolation,2
difficulties,2
keynote,2
jokes,2
lights,2
vacations,2
Jesse Jackson,2
leak,2
Nothing,2
flags,2
uniform,2
laughter,2
wonder,2
teachers,2
economics,2
Social Security,2
billions,2
neighborhood,2
truths,2
audience,2
Baptist,2
values,2
battles,2
prosecution,2
proposals,2
Freedom of speech,2
integrity,2
eloquence,2
enemy,2
accusation,2
mistakes,2
accusations,2
respect,2
communism,2
gain,2
Americanism,2
threat,2
tools,2
frustration,2
philosophy,2
thought,2
forum,2
hate,2
distinction,2
Communists,2
spending,2
sacrifice,2
reputation,2
freedom of speech,2
elections,2
stability,2
thoughts,2
parent,2
choices,2
thanks,2
experiment,2
success,2
colors,2
excellence,2
game,2
hair,2
relationships,2
scheme,2
courtesy,2
identity,2
tears,2
stereotypes,2
ravages,2
rock,2
Each,2
marriage,2
refuge,2
cruelty,2
premise,2
plea,2
denial,2
much,2
research,2
pledge,2
Nazi,2
birthday,2
context,2
room,2
virus,2
message,2
Philadelphia,2
HIV,2
Bush,2
Sisters,2
1948,2
determination,2
parts,2
seizure,2
U.S.A.,2
phrase,2
Freedom,2
spite,2
Declaration,2
rise,2
search,2
recommendation,2
decisions,2
objective,2
consequences,2
arrest,2
Everyone,2
Paris,2
patient,2
aspects,2
dignity,2
candidates,2
depression,2
understanding,2
relations,2
development,2
worship,2
object,2
content,2
session,2
tool,2
policies,2
territory,2
invaders,2
thinking,2
sciences,2
interference,2
Hitler,2
machinery,2
assembly,2
propaganda,2
Members,2
conception,2
imagination,2
opinions,2
Commission,2
human rights,2
welfare,2
Communist,2
decrees,2
Assembly,2
articles,2
slogans,2
will,2
contact,2
bars,2
life work,2
Ronald Reagan,2
goal,2
signal,2
Minnesota,2
New York City,2
Italy,2
initiative,2
reach,2
rules,2
slogan,2
gift,2
moment,2
doors,2
tribute,2
blessings,2
law school,2
"50,000",2
price,2
clock,2
Equal Rights Amendment,2
bed,2
Galileo,2
indictment,2
tide,2
conspiracy,2
corruption,2
Progress,2
stone,2
base,2
top,2
evils,2
accident,2
pioneers,2
causes,2
forests,2
witnesses,2
twelve,2
neither,2
natives,2
Prussian,2
Socrates,2
offices,2
efficiency,2
ground,2
heroism,2
medicine,2
Niagara,2
comrade,2
mould,2
teachings,2
platform,2
resistance,2
testimony,2
Gentlemen,2
prison,2
darkness,2
privacy,2
horizon,2
establishment,2
both,2
training,2
program,2
butter,2
profit system,2
women workers,2
intent,2
practices,2
restrictions,2
groups,2
tea,2
lectures,2
favor,2
copy,2
relation,2
magazine,2
penalty,2
occasion,2
human life,2
coward,2
Mr.,2
battlefield,2
impression,2
writings,2
company,2
writers,2
magazines,2
A thousand,2
examination,2
advocacy,2
shadow,2
repeal,2
evil,2
organizations,2
effects,2
breasts,2
streets,2
fields,2
art,2
ages,2
building,2
armies,2
mistress,2
conflict,2
human activity,2
foundations,2
thinkers,2
Many,2
health,2
advertisements,2
pace,2
States,2
high school,2
feet,2
shops,2
farm,2
supporters,2
Suffragists,2
shock,2
1916,2
status,2
rest,2
minority parties,2
universities,2
protest,2
woman suffrage,2
12,2
second,2
delegate,2
view,2
production,2
plenty,2
names,2
picture,2
pulpits,2
run,2
Reagan,2
possibility,2
opportunities,2
post,2
factor,2
suggestions,2
background,2
explanation,2
chairman,2
invitation,2
reference,2
appointment,2
occasions,2
remarks,2
13,2
lawyer,2
staff,2
strain,2
conference,2
15,2
psychology,2
tribe,2
treatment,2
help,2
inequality,2
ratification,2
Abraham Lincoln,2
delay,2
books,2
tendencies,2
fight,2
lesson,2
seven,2
path,2
despair,2
agent,2
Two,2
prisons,2
creation,2
hordes,2
tragedy,2
happiness,2
cook,2
reward,2
rule,2
helplessness,2
tales,2
culture,2
sons,2
flat,2
ordeal,1
Alexander Berkman,1
Morgan,1
flying machine,1
Hunts' Point Palace,1
heavens,1
anglers,1
poets,1
dealings,1
fish,1
raid,1
faults,1
gun,1
station,1
three hundred thousand dollars,1
servitude,1
deafness,1
Marsha,1
expressman,1
European,1
gangsters,1
abuses,1
complexity,1
Court,1
"$2,400",1
war tune,1
Emma Goldman,1
publications,1
Tree,1
Manifesto,1
militarism,1
sin,1
richness,1
U.S. Marshal,1
stars,1
New YorkTimes,1
warriors,1
Not Guilty,1
witness stand,1
yoke,1
reverence,1
18th of May,1
report,1
bomb,1
mail matter,1
organized crime,1
Dantes,1
prostitute,1
Luther,1
Jesus,1
Jury,1
Prosecuting Attorney,1
whatever,1
liberation,1
announcement,1
twenty-seven,1
news purposes,1
patrolman,1
sanctity,1
standby,1
flights,1
traffic regulation,1
insinuation,1
assemblies,1
inarticulation,1
helpers,1
habit,1
mail,1
caner,1
bank receipt,1
conscientious objector,1
request,1
human progress,1
superficiality,1
discords,1
city officials,1
theTimes,1
tuberculosis,1
martyrs,1
despotism,1
structure,1
ninety,1
Herberts,1
convictions,1
Patrolman Randolph,1
student,1
human thought,1
mission,1
"Feb. 3, 1917",1
military training,1
zeal,1
Louis XVI.,1
dawn,1
dictum,1
intention,1
search warrant,1
Marats,1
newspaper man,1
objector,1
careers,1
fray,1
majority parties,1
women education,1
rooftree,1
self-denial,1
100 millions,1
Czars,1
The Crisis,1
gratitude,1
edifice,1
Champ Clark,1
50 billions,1
Women of America,1
Woman's Hour,1
constancy,1
women detectives,1
grasp,1
farsightedness,1
flaw,1
consecration,1
Billions,1
reform,1
Nature,1
comprehension,1
stages,1
motor-car schools,1
Legion,1
posts,1
peak,1
Mother Grundy,1
milk,1
disorganization,1
amazement,1
coffers,1
peace power,1
war work,1
cracking,1
satisfaction,1
Others,1
suffrage movement,1
axiom,1
outcome,1
losses,1
roar,1
Albany,1
shrapnel,1
fetters,1
aeroplanes,1
momentum,1
completion,1
drawing-room,1
Saskatchawan,1
war power,1
straw,1
nation-building,1
convert,1
qualities,1
fourth,1
concentration,1
suffrage headquarters,1
Christ,1
widows,1
self-respect,1
womanhood,1
Alice Stone Blackwell,1
women streetcar conductors,1
35 millions,1
cornice,1
slackers,1
victor,1
wage-earners,1
Berlin,1
responsibilities,1
conventions,1
Temperance,1
Austrian,1
The Woman's Hour,1
ticket,1
Evil,1
reply,1
world crisis,1
platforms,1
plans,1
Aye,1
railway conductors,1
partners,1
election bill,1
enthusiasm,1
Lucretia Mott,1
memory,1
enlightenment,1
hesitation,1
American Colonies,1
skill,1
munitions,1
munition workers,1
Buffalo,1
shop,1
cohesion,1
war services,1
adversary,1
Methodist Episcopal Church,1
moss,1
London Times,1
adaptability,1
conversion,1
ledge,1
State campaign,1
practicality,1
sloth,1
cataclysm,1
Savonarola,1
government staff,1
sums,1
mobilization,1
restoration,1
compliments,1
war terms,1
claim,1
"July 18, 1916",1
capstones,1
esteem,1
colleges,1
temperance,1
human weal,1
clergymen,1
events,1
approval,1
righteousness,1
Elizabeth Cady Stanton,1
tragedies,1
reserves,1
lands,1
Copernicus,1
spaces,1
Elizabeth Blackwell,1
soldiers,1
inheritance,1
roof,1
babes,1
laying,1
Alberta,1
obligation,1
crusade,1
advocate,1
railways,1
door-mats,1
cake,1
1910,1
John Finlay,1
specialty,1
Polish,1
Kaisers,1
World,1
Ernestine Rose,1
Henry Fawcett,1
earnestness,1
village,1
Corner-stones,1
resource,1
continent,1
Moses,1
cognizance,1
lighthouse,1
weapons,1
inanition,1
register,1
march,1
relief,1
population,1
war assets,1
self-preservation,1
suffragist,1
spot,1
high schools,1
Manitoba,1
heroine,1
volume,1
proportion,1
chant,1
heretic,1
poll tax,1
whirr,1
church militant,1
considerations,1
jolt,1
Hon,1
lamp,1
Polar Circle,1
pull,1
Giordano Bruno,1
Empire,1
weaknesses,1
contrary,1
effigy,1
None,1
Lord,1
Aegean Sea,1
serenity,1
rays,1
porters,1
lists,1
Lucy Stone,1
human vision,1
10,1
91,1
"3,500",1
forgiveness,1
stake,1
prayer,1
milking,1
endurance,1
Everywhere,1
veins,1
William Lloyd Garrison,1
authorities,1
occupations,1
cornerstones,1
proposal,1
shore,1
progressives,1
avenues,1
bugle call,1
hostility,1
builders,1
manifestations,1
loyalty,1
wheel,1
Egypt,1
nationality,1
streetcars,1
blows,1
hamlet,1
munition factories,1
jamb,1
oppressions,1
wave,1
familiarity,1
reactionaries,1
movement needs,1
The Christian Endeavor,1
Derby,1
vigor,1
planks,1
presidency,1
skirts,1
nut-shell,1
cabs,1
kitchen,1
1848,1
earning,1
aspect,1
munition supplies,1
armor,1
gains,1
human institutions,1
culmination,1
exaltation,1
threshold,1
mountain peak,1
anaesthetic,1
appreciation,1
praise,1
services,1
note,1
postponement,1
postmen,1
hard knocks,1
Anna Howard Shaw,1
churches,1
8 millions,1
Parliamentary,1
dripping,1
Woman's Journal,1
reform movements,1
stones,1
Asquith,1
agitation,1
hers,1
Temperance Convention,1
clouds,1
inauguration,1
door-mat,1
discouragement,1
tints,1
brains,1
human agency,1
church corruption,1
scientists,1
bugle,1
fashion,1
Eufame McIlyane,1
endorsement,1
provinces,1
"3,000",1
Honorable,1
raisin,1
realization,1
search-light,1
Emperors,1
Antoinette Brown Blackwell,1
bugle sound,1
echo,1
relief expenses,1
symptoms,1
West Virginia,1
variety,1
old one,1
camp,1
"660,000",1
Abbie Kelley,1
pages,1
Onward March,1
tones,1
50 millions,1
suffrage master-masons,1
Sydenham,1
Siberia,1
cap-stones,1
scream,1
motors,1
American Civil War,1
writer,1
Philanthropy,1
maid,1
genius,1
Ho,1
George the Third,1
clubwork,1
parlor,1
listeners,1
self-sacrifice,1
Joan d'Arc,1
war funds,1
transfer,1
descendant,1
wake,1
episodes,1
signature,1
assignments,1
Thurmond,1
Oklahoma State University,1
stomach pain,1
August of 1987,1
Oklahoma,1
pressures,1
Tulsa,1
animals,1
engagements,1
remark,1
Office for Civil Rights,1
desk,1
1982,1
pleasures,1
office director,1
1983,1
regret,1
Assistant Secretary of Education,1
youngest,1
hiring freeze,1
Ms. Hill,1
chair,1
employer,1
theEEOCwhere,1
staff meetings,1
July of 1983,1
group sex,1
dean,1
Civil Rights,1
department,1
films,1
penises,1
1956,1
contacts,1
Office of Education,1
1981,1
emergency basis,1
March of 1985,1
conference materials,1
Department of Education,1
Hardraker,1
Antioch Baptist Church,1
1985,1
stress,1
childhood,1
Coke,1
table,1
work situations,1
EEOC,1
prowess,1
education matters,1
honors,1
comment,1
assistant,1
tone,1
Ross,1
July of 1985,1
displeasure,1
seminar,1
education issues,1
sex acts,1
February 1983,1
Ward,1
vendetta,1
teaching,1
representative,1
Allison Duncan,1
details,1
read,1
JD degree,1
Okmulgee County,1
behavior,1
overtures,1
projects,1
appearance,1
August 15,1
anger,1
Irma Hill,1
conduit,1
Judge,1
firm,1
1980,1
Oral Roberts University,1
agency,1
Anita F. Hill,1
Biden,1
excuse,1
reports,1
professor,1
"Washington, DC",1
rape,1
Susan Cahall,1
incidents,1
bridges,1
scenes,1
conversations,1
calls,1
schedule,1
area,1
response,1
Yale Law School,1
working relationship,1
Press,1
Albert Hill,1
can,1
Clarence Thomas,1
demeanor,1
Diane Holt,1
family affection,1
university,1
January of 1983,1
resume,1
comments,1
afternoon session,1
government cafeteria,1
dinner,1
1977,1
1987,1
housewife,1
Education,1
lunch,1
pressure,1
graduation,1
atmosphere,1
penis,1
August 20th,1
University of Oklahoma,1
venture,1
party platforms,1
archduke,1
American Society of International Law,1
Alsace-Lorraine,1
heresies,1
party measure,1
House of Representatives,1
slave souls,1
26,1
Taxation without representation,1
trend,1
world tragedy,1
party program,1
women suffrage,1
axioms,1
Fifty,1
Elihu Root,1
1776,1
party service,1
source,1
maxims,1
world democracy,1
plaint,1
sheet anchor,1
torch,1
fourteen,1
dandies,1
courts,1
states' rights,1
Eighty,1
trick,1
refinement,1
suffrage territory,1
banner,1
backbones,1
demonstration,1
wartime,1
Senators,1
Treitschke,1
Revolution,1
intuition,1
desperation,1
141,1
assassination,1
grouch,1
representation,1
Revolutionists,1
allies,1
Taxation,1
Three,1
world leadership,1
anomalies,1
address,1
Great Britain,1
Treitschkes,1
customs,1
janitor,1
colonists,1
state referendum,1
Woman suffrage,1
blindest,1
rebellion,1
Congresses,1
women haters,1
verities,1
logic,1
foe,1
president,1
dolls,1
war literature,1
world progress,1
legislatures,1
college president,1
Adherence,1
grievances,1
Americanisms,1
Vance Thompson,1
Ours,1
chief weapon,1
women college presidents,1
Uncle Sam,1
dishonesty,1
women public school teachers,1
"November 4, 1917",1
senators,1
aphorisms,1
Federal Suffrage Amendment,1
sincerity,1
ambitions,1
party advantage,1
"April 26, 1917",1
vines,1
seas,1
gridlock,1
selfishness,1
Democratic Convention,1
recommendations,1
Ryan White,1
Eleven,1
Jake,1
visionary,1
wisdom,1
I'mElizabeth Glaser,1
health care,1
breast milk,1
"40,000",1
games,1
"40,000 dollars",1
Reagan Administration,1
shelves,1
AIDS research,1
Ariel,1
theAIDS virusand,1
utero,1
HIV commission reports,1
look,1
mom,1
Four,1
crossroads,1
dust,1
greed,1
National Institutes of Health,1
AIDS care costs,1
wealthy,1
Independent,1
spokesperson,1
simplicity,1
poor,1
insurance,1
The Children's Era,1
disorder,1
examinations,1
seeds,1
prevention,1
prenatal care,1
asylums,1
playgrounds,1
cities,1
sentiment,1
welfare leagues,1
housemaid,1
rooms,1
breeding,1
bureau,1
milk stations,1
gardening,1
mortality,1
generosity,1
family histories,1
Trainload,1
child-life,1
Ellen Key,1
Child,1
luxury,1
7,1
Six,1
Unborn Child,1
human weed crop,1
chaos,1
Human society,1
trainload,1
6,1
Conference,1
orphanages,1
parenthood permits,1
Grand Central Station,1
unselfishness,1
sessions,1
Civil Service examination,1
settlement houses,1
gardener,1
play jury,1
Civil Service,1
parenthood,1
references,1
Ten,1
baggage,1
weeds,1
jails,1
pedigrees,1
Prohibition,1
births,1
turning point,1
maternity,1
household,1
refugees,1
garden,1
Ladies and Gentlemen: My,1
Era,1
cooks,1
blood stream,1
stop,1
reception committee,1
presence,1
unhappiness,1
young,1
embryo,1
Child Labor,1
glands,1
Safe for Children,1
gardeners,1
salvation,1
sun,1
maternity centers,1
family history,1
consciousness,1
enslavery,1
emergency measures,1
flowers,1
waste,1
employment bureau,1
filth,1
sunlight,1
Twenty-three,1
idiocy,1
medium,1
sanction,1
panic,1
First,1
civil service examination,1
risks,1
trainloads,1
nursery,1
passports,1
parenthood license,1
Nowhere,1
certainty,1
advisability,1
speaking,1
power hierarchy,1
weakness,1
prairies,1
spy-eyes,1
tech,1
ivory tower,1
mushroom,1
Man,1
Mills College,1
embodiment,1
depths,1
norms,1
Real World,1
college education,1
brothers,1
universe,1
stork,1
commencements,1
grass,1
sky,1
valley,1
mask,1
blinds,1
tongue,1
blessing,1
betrayal,1
nurse,1
couple,1
indians,1
Margaret Thatcher,1
Machoman,1
foreigners,1
Indira Gandhi,1
thirty million,1
foreigner,1
possessions,1
weaponry,1
dresses,1
lies,1
Mills College Class,1
Mills,1
disappointment,1
human souls,1
Warrior,1
everybody graduating,1
aggression,1
American Dream,1
prisoners,1
sierras,1
civilians,1
war-games world,1
captives,1
General Somoza,1
god,1
hell,1
dark,1
beds,1
83,1
separatism,1
masks,1
animal,1
buying,1
downfall,1
thing.It,1
furnishing,1
inefficiency,1
program.,1
combination,1
gates,1
homemaking husbands,1
feminist movement,1
grocer,1
business women,1
half-job,1
Woman,1
trades,1
sources,1
homemaking partnership,1
Supreme Court of the United States,1
impeachment process,1
United States,1
Constitution of the United States,1
recital,1
fabrication,1
Preamble,1
Tax Reform,1
Indignation,1
mistake,1
burglars,1
Executive,1
branch,1
Justice Story: ``Impeachment,1
"Housing, Environmental Protection, Energy Sufficiency",1
Daniel Ellsberg,1
impeachment provision,1
oppression,1
Legislature,1
17,1
James Madison,1
Committee for the Re-Election of the President,1
accusers,1
inquisitor,1
Watergate break-in,1
diminution,1
indication,1
June the 17th,1
documentwas,1
Watergate,1
violation,1
abuse,1
party interest,1
psychiatrist,1
seventeenth,1
misuse,1
affair,1
payment,1
Impeachment criteria,1
offenses,1
ministers,1
"June the 23rd, 1972",1
criminal justice,1
impeachment,1
break-in,1
23rd of June,1
Framers,1
misdemeanors,1
check,1
violations,1
ratification convention impeachment criteria,1
inquiry,1
1787,1
motivation,1
27,1
Rangel,1
effectiveness,1
Common sense,1
ratification convention,1
1972,1
officers,1
Campaign Finance Reform,1
government prosecutors,1
allegations,1
inquest,1
jurisdiction,1
misreading,1
Young,1
September 3rd,1
entry,1
Dita Beard ITT,1
assertions,1
impeachments,1
court decision,1
encroachments,1
inquisitors,1
paper shredder,1
solemnness,1
committee subpoena,1
judge,1
Alexander Hamilton,1
announcements,1
North Carolina,1
George Washington,1
operation,1
grand jury proceedings,1
Health Insurance,1
Huston,1
Virginia,1
Constitutional Convention,1
perjury,1
subversion,1
impeachment criteria,1
maladministration,1
maxim,1
Prosecutions,1
Henry Petersen,1
secrecy,1
spectator,1
Kennedy Administration,1
junior members,1
Mass Transportation,1
excesses,1
branches,1
Appropriations,1
cables,1
speed,1
Fielding,1
misconduct,1
Federalist Papers,1
Federal Convention of 1787,1
drawing,1
Pettiness,1
high crime(s),1
E. Howard Hunt,1
Ehrlichman,1
deliberations,1
destruction,1
65,1
aides,1
judgers,1
gate,1
headlines,1
barrier,1
idiot,1
stick,1
Mahoney,1
column,1
acrimony,1
prohibition,1
November 2,1
sorts,1
anybody,1
protectors,1
saints,1
crab,1
Baptists,1
angel,1
England,1
folly,1
qualifications,1
frog pond,1
border line,1
anarchism,1
Hague,1
imbecile,1
young lady,1
errand,1
ninety-six,1
orator,1
West,1
colony,1
whist,1
major,1
$250,1
Illinois,1
Thirty-five,1
opera house,1
cradle,1
aunt,1
arguments,1
Mikey,1
Parliament of Great Britain,1
Shaw,1
divorce,1
estate,1
liars,1
thirty- five,1
suffrage meetings,1
Roman,1
store,1
fool charities,1
dance house,1
creatures,1
appeals,1
Parliament,1
clergyman,1
Connecticut,1
box,1
Boys,1
headline,1
hobbles,1
Germans,1
presiding,1
Congressional Record,1
forty-five,1
flower,1
North Dakota,1
leisure class,1
baby whist,1
figure,1
preparedness,1
cart,1
Rhode Island,1
seventeen,1
Australia,1
Mormons,1
intervention,1
East,1
persecutions,1
toil,1
Catholics,1
heaven,1
resolutions,1
line,1
delegates,1
board,1
ancestors,1
vox Dei,1
Deity,1
aristocracies,1
tissue,1
Dollars,1
picnic,1
Divine,1
Men Killed Since the War Began,1
elector,1
consistency,1
gentleman,1
illiteracy clause,1
365,1
Pennsylvania,1
goblins,1
witches,1
discussions,1
Mohamedans,1
church members,1
O,1
Fourth,1
Protestant,1
candidate,1
Infinite,1
human,1
bone,1
bread lines,1
office holder,1
polls,1
dictionary,1
male,1
dry,1
Catholic,1
Rome,1
smoke,1
clause,1
homemakers,1
hen,1
rooster,1
two hundred and fifty dollars,1
diplomat,1
Scriptures,1
resident,1
bargain counter,1
qualification,1
human mind,1
Republics,1
five thousand,1
compacts,1
thankfulness,1
duty calls,1
Patsey,1
police force,1
millennium,1
voices,1
human problems,1
human hopes,1
mortgage,1
encyclopedia lexicon,1
discord,1
pocket,1
anarchists,1
page,1
vision men,1
Omaha,1
Austria,1
250,1
tallow candle,1
limbed,1
unison,1
soprano,1
divorces,1
theatre,1
ballot box,1
plains,1
monarchy,1
go-cart,1
bass solo,1
Miss,1
Presbyterians,1
reception,1
territories,1
park,1
pairs,1
burdens,1
cry,1
text,1
human passions,1
purse,1
woods,1
honeymoon,1
fad,1
aristocracy,1
twenty-eight,1
common sense,1
two dollars,1
Quakers,1
white,1
religionists,1
Montana,1
"250,000",1
Denver,1
prohibition question,1
diseased,1
Another,1
ambassador,1
human character,1
dictates,1
angels,1
Flanders,1
Bu,1
hotel,1
soup,1
Puritans,1
statistics,1
two hundred and fifty,1
spread,1
Mountains of Galicia,1
Abbott,1
head,1
visions,1
cousin,1
last,1
alleys,1
vox populi,1
disarmament,1
temperance question,1
immigration bill,1
fellow,1
picture show,1
spinsters,1
plane,1
lady,1
Fourth of July,1
brawn,1
hammer,1
cries,1
paupers,1
pulse,1
affairs,1
communities,1
horror,1
Nebraska,1
vices,1
civilizations,1
bass,1
nobody,1
Woman's Suffrage,1
arc light,1
whist club,1
sublimest,1
flesh,1
eraser,1
side tricks,1
hierarchy,1
prohibition states,1
Committee on Suffrage,1
grandeur,1
counter,1
Prince,1
ballots,1
immigration laws,1
oligarchy,1
Revolutionary War,1
pound,1
gathering,1
eagle,1
husbands vote,1
row,1
hurrah,1
Twenty-one,1
vampires,1
societies,1
measures,1
crowd,1
Satan,1
Anti-friends,1
Thomas Jefferson,1
officer,1
stagnation,1
Universe,1
washing,1
sleeplessness,1
soup kitchens,1
Church-members,1
employment rates,1
helicopters,1
Pentagon,1
calm,1
backbone,1
Lorena,1
guy,1
Lloyd Bentsen,1
Waco,1
edge,1
Barbara madethe,1
crooks,1
accent,1
ball,1
Big War,1
dog,1
Depression,1
military colossus,1
retirement,1
mis amigos,1
basketball,1
part payment,1
daddy,1
tennis shoes,1
graces,1
grown-ups talk,1
water fountains,1
defense fall,1
Southwest,1
100,1
clothes,1
timber industry,1
puzzle,1
era,1
cabbage,1
contest,1
Northeast,1
compartments,1
compromises,1
summer nights,1
capacity,1
Barbara Jordan,1
terrorists,1
grandmamma,1
drug problem,1
regions,1
self-importance,1
Ayatollah,1
bird legs,1
Texas,1
auto industry,1
instincts,1
human dignity,1
dictator,1
Buenas,1
marble slab,1
plant closings,1
disrepair,1
Central American,1
food prices,1
cow,1
products,1
dominoes,1
impatience,1
proudest,1
guarant,1
bedrock,1
victories,1
high heels,1
companies,1
grandmother,1
8,1
I.,1
Ginger Rogers,1
great-grandparents,1
parking lots,1
car,1
bleachers,1
hardships,1
small business owners,1
notice,1
triumphs,1
tanks,1
bank,1
inclination,1
Hispanic,1
ozone layer,1
basket,1
barrio,1
North,1
brother-in-law,1
a hundred and sixty,1
grandbaby,1
Michael Dukakis,1
piece,1
trade laws,1
steel industry,1
activity -housework,1
barriers,1
devices,1
man.,1
exigencies,1
performer,1
motherhood endowment,1
suburb,1
schemes,1
crises,1
suffrage amendment,1
trades unions,1
Daughters,1
little,1
stimulus,1
adults,1
legislation,1
sleep,1
feminism,1
telephone number,1
crumbs,1
housework,1
slaves,1
child-raising,1
egotism,1
planning,1
Birth control,1
fires,1
necessity bread,1
ninety-nine,1
communists,1
Sons,1
hires,1
Bronx,1
objects,1
endowment,1
housekeeping,1
left,1
feature,1
amount,1
professions,1
working-class army,1
Freedom of choice,1
meals,1
family income,1
dictators.,1
gifts,1
homemaking enterprise,1
scale,1
capitalism.Woman,1
arrival,1
fifteen,1
supper,1
song,1
Tennessee,1
executive,1
August 23,1
excitement,1
soldier,1
essential,1
Sundays,1
homemaking,1
household matters,1
temper,1
lockup,1
simplification,1
U.S. Street,1
authors,1
Councilmen Cacchione,1
1936,1
1946,1
railroad workers,1
pursuit,1
study,1
Casualties,1
Charles Ruthenberg,1
spheres,1
associates,1
9,1
Los Angeles Smith Act,1
1895,1
border state areas,1
Communist Political Association,1
Frederick Engels,1
Bernadette Doyle,1
Allied,1
speaker,1
labor unions,1
fire case,1
Twenty Years After,1
Negro,1
1908,1
pool tax,1
opposite,1
Honor,1
theSmith Act,1
St. Paul,1
carries,1
directives,1
travels,1
Socialist Party,1
quote,1
30,1
performance,1
1937,1
Bible,1
unions,1
Women's Committee of the Communist Party,1
52,1
clarion call,1
youth,1
roundhouse,1
"150,000",1
speaking career,1
dissolution,1
advent,1
comfort,1
Galway,1
Daily Worker,1
Schneiderman,1
The Struggle Against the Taft-Hartley Law,1
capitalism,1
1919,1
G.I.,1
recruiting,1
London District,1
Left-wingers,1
resolve,1
Lawrence,1
Anne Gurley,1
rent,1
terror,1
classes,1
elsewhere,1
union,1
street,1
1906,1
carriage,1
United Front,1
city engineer,1
persecution,1
communication,1
textiles,1
fabrics,1
agitator,1
Justice Murphy,1
terminology,1
company guards,1
affiliation,1
foregoing,1
1947,1
heat,1
factories,1
non-members,1
Harlem Socialist Club,1
trial permit,1
agenda,1
deportation,1
Smith Act,1
V.I.,1
1909,1
conclusions,1
Leninism,1
1950,1
New Bedford,1
saving,1
diet,1
trips,1
National Committee of the Communist Party,1
premier,1
pioneer,1
industries,1
Augustus Bebel,1
close,1
visits,1
fighter,1
Socialist Labor Party,1
acre,1
Criticism,1
sentences,1
American Communists,1
prosecutions,1
client,1
committee meetings,1
The United Front Against War and Fascism,1
1926,1
directive,1
New Deal,1
Bulgarian,1
ashes,1
company boarding houses,1
attorney,1
International Women's Day,1
reconstruction,1
training school,1
Elizabeth Gurley Flynn,1
Louis Weinstock,1
councils,1
guide,1
labor organizer,1
improvements,1
campaign slogan,1
landlord,1
defendant,1
1938,1
alignment,1
Charlotte Petingill,1
desert,1
periods,1
characterization,1
party organizers,1
infamy,1
Parliaments,1
feudalism,1
splurge,1
labor struggles,1
tours,1
Manchester,1
overthrow,1
upbringing,1
slavocracy,1
trip,1
1949,1
mill,1
The Plot to Gag America,1
Communist International,1
labor movement,1
estimation,1
anthracite coal strike,1
skeleton,1
imprisonment,1
Claudia Jones,1
Hell,1
South Bronx,1
Spain,1
outlines,1
minority,1
recollection,1
blueprint,1
Hungary,1
Marxism-Leninism,1
harassment,1
quarry worker,1
Stool Pigeon,1
concentration camps,1
topics,1
petitions,1
destinies,1
developments,1
revaluation,1
1907,1
imperialism,1
company spies,1
transport,1
courses,1
New Haven Railroad,1
class hostilities,1
wing,1
Spanish-American War,1
gas,1
Hank Forbes,1
French Assembly,1
Reichstag,1
self,1
touch,1
History of the Labor Movement,1
leopard,1
clothing,1
courtroom,1
Lenin,1
advancement,1
slack,1
1944,1
chief,1
1945,1
Communist Party,1
tables,1
mailing letters,1
Alpha and Omega,1
sacrifices,1
Worker,1
Sacco and Vanzetti,1
Thessalonians,1
emergence,1
lawyers,1
History of the American Labor Movement,1
maze,1
11,1
readers,1
Oregon,1
Thomas Flynn,1
Anita Whitney,1
American Communist Party,1
heart trouble,1
executives,1
decent,1
American Civil liberties Union,1
29,1
dogma,1
classroom atmosphere,1
railroads,1
The Worker,1
housing,1
French Communist Party,1
Judas,1
Simon W. Gerson,1
"April, 1945",1
Political Affairs,1
Maine,1
Ella Reeve Bloor,1
tailoress,1
state property,1
horses,1
Francis Fisher Kane,1
engineering school,1
silk strike,1
underwear,1
New Hampshire,1
Dartmouth College,1
1952,1
delegation,1
clarification,1
Socialism in the United States of America,1
serf,1
Programs,1
resistance movement,1
Pittsburgh,1
"5,000",1
consumers,1
Congress of Women,1
Johnson,1
Gray's Anatomy,1
air force,1
33,1
misrepresentations,1
distortion,1
medal,1
profits,1
menace,1
working class,1
mountebanks,1
impressions,1
United States Government,1
Shakespeare,1
mines,1
Marcel Cachin,1
miner,1
parent-teachers,1
1942,1
Debs,1
Praise,1
Amter,1
Buchenwald,1
stumps,1
Cahiers Du Communisme,1
tramp,1
pamphlets,1
McCarran Act,1
standard,1
merit,1
Minor,1
liquidation,1
Senate Judiciary Committee,1
detail,1
company towns,1
pamphlet,1
door,1
machine,1
Bronx Socialist,1
gospel truth,1
Cuban,1
women's movement,1
Ireland,1
tongues,1
house gatherings,1
studies,1
Capitalism,1
greetings,1
"10,000",1
1913,1
Roosevelt,1
halls,1
membership,1
post-mortems,1
self-confidence,1
vice-president,1
laymen,1
fruits,1
party organizer,1
L'Humanite,1
28,1
pensions,1
comrades,1
George Dimitroff,1
identification,1
speakers,1
Socialism,1
organizer,1
electorate,1
constitution,1
social science,1
party leadership,1
beacon lights,1
comet,1
feature articles,1
inheritor,1
"August, 1947",1
Philippine,1
bond,1
unemployment,1
Czarist,1
charter member,1
winters,1
mass meetings,1
executive secretary,1
comradeship,1
1943,1
food supplies,1
spots,1
Women's Suffrage,1
columns,1
State militia,1
iron ore miners,1
strike,1
United States Attorney,1
eleven,1
fate,1
public affairs,1
William Z,1
newspaper coverage,1
Aesopian,1
stool-pigeons,1
Mr. Lane,1
Harvard,1
conspirators,1
book-burning,1
accidents,1
anti-fascist,1
agents,1
mass production machinery,1
Soviet Union,1
aims,1
coal,1
Phoenix,1
home voyage,1
Soviet Army,1
maturity,1
willingness,1
uncles,1
labor legislation,1
Professors Frankfurter,1
camps,1
World War II,1
arena,1
working class internationalism,1
marketplace,1
Concord,1
chest cancer,1
brother,1
1935,1
owner,1
Eugene Dennis,1
Lane,1
center,1
coal miners,1
world renown,1
Nazi Germany,1
human slavery,1
mass meeting,1
steel,1
"February 3, 1946",1
extension,1
road,1
well-being,1
strikes,1
1927,1
demagogues,1
fullest,1
barbarism,1
transition,1
Lowell,1
125,1
I.W.W.,1
league,1
handbills,1
1905,1
Communist Manifesto,1
family relation,1
Jacques Duclos,1
1904,1
Tom Clarke,1
Anzio Beachhead,1
forces workers,1
lords,1
surveillance,1
1872,1
co-defendants,1
exhibits,1
convenience,1
shacks,1
relative,1
abundance,1
counter-overthrow,1
Times,1
school teacher,1
reestablishment,1
prescription,1
portion,1
1912,1
origin,1
General Sherman Bell,1
textile strikes,1
slander,1
125th Street,1
Hundreds,1
delegate body,1
Benjamin J. Davis,1
forerunner,1
insistence,1
ambition,1
1940,1
spokesmen,1
Jefferson School,1
introduction,1
Fred,1
fascism,1
The Case,1
grandfather,1
campaigns,1
peasants,1
solidarity,1
coalition,1
80,1
Pettis Perry,1
analyses,1
"600,000",1
intellect,1
1920,1
International Congress of Women,1
worker,1
channels,1
hysteria,1
Palmer Red Raids,1
History of the Women's Movement,1
shell,1
Czar,1
1902,1
Auschwitz,1
Bill of Rights,1
Mussolini,1
revisionism,1
mills,1
delegations,1
grocery bills,1
famine,1
Bismarck,1
split,1
Illegal Practices of the Department of Justice,1
defense committee,1
advance,1
Houdini,1
blueprints,1
lard,1
habeas corpus,1
pattern,1
contention,1
Workers Defense Union,1
Fascism,1
Duclon,1
copies,1
62,1
Weinstone,1
human history,1
subject matter,1
Paterson,1
Communists Foster,1
monopoly,1
range,1
P.S. 9,1
ceiling,1
biography,1
Chafee,1
Karl Marx,1
human sympathy,1
Mesaba,1
threats,1
best,1
Cleveland,1
pursuance,1
16,1
fringe,1
disfranchisement,1
Ravensbrouck,1
Great Leader,1
ownership,1
contradiction,1
abolition,1
peace candidate,1
The Rights of the Negro People,1
Adams,1
46,1
round,1
reassurance,1
prison sentences,1
educators,1
State labor laws,1
objections,1
admission standards,1
rewards,1
agencies,1
Ratification,1
coverage,1
faculties,1
impetus,1
military service retirement acts,1
14,1
sex discrimination,1
Labor Department,1
closing,1
House Joint Resolution 264,1
Equal Pay Act,1
Leo Kanowitz,1
guardianship,1
1963,1
chambers,1
1970,1
VIIof theCivil Rights Act,1
benefits,1
event,1
employers,1
enforcement,1
Military service,1
weight,1
rehabilitation,1
usefulness,1
Rules,1
counts,1
alimony laws,1
Opponents,1
Armed Forces,1
physiology,1
overtime,1
TheEqual Employment Opportunity Commissionhas,1
State legislatures,1
elimination,1
Federal,1
jury service,1
likelihood,1
applicability,1
Founding Fathers,1
sex distinctions,1
264,1
labor laws,1
overlap,1
complaints,1
civil rights bill,1
Sex prejudice,1
objection,1
characteristics,1
works,1
weights,1
bias charge,1
1964,1
penalties,1
194,1
employment limitations,1
State to State,1
guarantees,1
October 1966,1
due process,1
ambiguities,1
Speaker,1
Fathers,1
1966,1
relics,1
requirements,1
distinctions,1
opportunity laws,1
Justice Department,1
"246,000",1
device,1
Survivorship benefits,1
Discrimination,1
inaction,1
Jury service laws,1
State colleges,1
litigation,1
courtrooms,1
amendments,1
civil service,1
Founding,1
Laws,1
attack,1
spans,1
State laws,1
1964 Civil Rights Act,1
Delaware,1
State university,1
manufacturing,1
capabilities,1
prejudices,1
equal rights amendment,1
conciliation,1
Evidence,1
optimism,1
service law,1
ofTitle,1
Prejudice,1
Social Security Act,1
minors,1
hardship,1
Selective Service Act,1
salary,1
sexes,1
pallet,1
Lily,1
Fred Astaire,1
grade,1
frog,1
strategy,1
electricity,1
buck deer,1
cocaine,1
tabletop,1
paychecks,1
incomes,1
daycare,1
payments,1
ones,1
feelings,1
family farm,1
answers,1
world war,1
social security,1
granddaughter,1
Poor George,1
bum deal,1
growth spurt,1
blacks,1
TV,1
fights,1
Columbus,1
wash,1
mama,1
foot,1
worries,1
DEA,1
Twelve,1
braces,1
farms,1
jeans,1
oceans,1
car insurance,1
well,1
phraseology,1
Franklin Roosevelt,1
noise,1
60,1
contrast,1
Clorox,1
oil industry,1
grocery stores,1
coal oil lamp,1
par,1
grandparents,1
Reagan -Meese - Deaver - Nofziger - Poindexter - North - Weinberger - Watt - Gorsuch -Lavelle - Stockman - Haig - Bork - Noriega - George Bush,1
planes,1
weapons system,1
South,1
boardroom,1
budget stores,1
airs,1
critics,1
witch hunt,1
Hendrickson,1
level,1
Amerasia,1
prudence,1
United States Senate,1
Thye,1
party system,1
non-Senator American,1
Tobey,1
distrust,1
opportunism,1
outsiders,1
shield,1
Declaration of Conscience,1
champion,1
totalitarian techniques,1
cloak,1
character assassinations,1
whitewash,1
tentacles,1
Fascists,1
warnings,1
attitudes,1
Executive Branch,1
reckless abandon,1
motive,1
self-appraisal,1
suspicions,1
Civil War,1
History,1
intolerance,1
privileges,1
United States Senator,1
complacency,1
Smear,1
vilification,1
divide,1
assurances,1
confidence,1
commissions,1
sensationalism,1
Democratic Administration,1
Minority Party,1
Lincoln,1
reputations,1
smear,1
consciences,1
publicity platform,1
aisle,1
secrets,1
soul-searching,1
campaign issues,1
Senate Floor,1
colleagues,1
character prosecution,1
theFour Horsemen of Calumny-- Fear,1
retaliation,1
Ives,1
Hiss,1
Floor,1
rendezvous,1
Ignorance,1
countercharges,1
redress,1
Bigotry,1
cover-up,1
mania,1
restraint,1
defeat,1
livelihood,1
character assassination,1
suicide,1
design,1
exercise,1
Coplon,1
self-criticism,1
Morse,1
Legislative Branch,1
Russia,1
loudest,1
Aiken,1
elements,1
regime,1
techniques,1
bitterness,1
fears,1
Gold,1
bigotry,1
character attacks,1
ride,1
Senator,1
concurrence,1
honesty,1
smears,1
oversensitiveness,1
Alice Walker,1
People's Republic of China,1
90,1
spouses,1
footsteps,1
mermaid,1
Keohane,1
Trustees,1
George Bush,1
Diversity,1
pants leg,1
Both,1
journey,1
Decisions,1
business leader,1
Choices,1
essence,1
pigeonholes,1
legend,1
Ferris Bueller,1
dedication,1
color purple,1
wizard,1
hoop race,1
Somewhere,1
Class,1
buddies,1
sister colleges,1
bonds,1
mermaids,1
Robert Fulghum,1
human connections,1
C.E.O.,1
Julia Porter,1
Wellesley,1
winner,1
campus,1
resonance,1
student body president,1
Lake Waban,1
Gorbachev,1
dwarf,1
"Giants, Wizards",1
pastor,1
Christine Bicknell,1
1990,1
giant,1
diversity,1
Dwarfs,1
class president,1
The Color Purple,1
babysitting,1
paint-by-numbers,1
faculty,1
spouse,1
fun,1
boxes,1
obligations,1
literacy,1
Severance Green,1
pathway,1
HIV positive,1
spirits,1
victim,1
a million,1
platform hearings,1
sixty million,1
intentions,1
giggle,1
Adolescents,1
Much,1
Republican Party,1
trade unionist,1
quiet,1
AIDS virus,1
tubes,1
healing,1
prelude,1
Nemoellor,1
Roman Catholics,1
Max,1
bedside,1
cancer,1
Phillip,1
sound policy,1
shroud,1
creature,1
Two hundred thousand,1
lessons,1
holocaust,1
epidemic,1
infections,1
suffering,1
policymaker,1
outcasts,1
campaign slogans,1
self-congratulation,1
death camps,1
Salt Lake City,1
compassion,1
Zachary,1
memories,1
candle,1
wind,1
applause,1
lifetime,1
infection,1
Roman Catholic,1
role,1
a hundred million,1
alien state,1
awareness,1
silence,1
forty million,1
messenger,1
intimacy,1
segment,1
meanness,1
grief,1
rejection,1
AIDS community,1
initiatives,1
A million,1
orphans,1
heart disease,1
trade unionists,1
affection,1
loved ones,1
shame,1
84,1
grace,1
promises,1
safety,1
killer,1
lesson history,1
judgments,1
prayers,1
objectives,1
individual,1
International Declaration of Human Rights,1
solution,1
procedures,1
trade-unions,1
settlement,1
Democracy,1
outlook,1
government.,1
slave society,1
instrument,1
removal,1
Charter,1
totalitarianism,1
chains,1
arts,1
retreat,1
negotiation,1
fraternity,1
shortcuts,1
Yugoslavia,1
preparation,1
degree,1
slave,1
vigilance,1
insecurity,1
strengthening,1
promotion,1
Byelorussia,1
Delegates,1
management,1
Economic and Social Council,1
recourse,1
56,1
restriction,1
democracies,1
tyrant,1
General Assembly,1
state rights,1
fruit,1
implementation,1
labors,1
root,1
producer,1
U.S.S.R.,1
perfection,1
International Bill of Rights,1
meeting ground,1
broadening,1
covenant,1
commission,1
united Nations Charter,1
antagonism,1
Charter of the United Nations,1
worth,1
sake,1
acceptance,1
55,1
Representatives,1
founders,1
capital,1
Commission on Human Rights,1
continuation,1
formation,1
freedoms,1
Representative,1
restraints,1
Propaganda material,1
United Nations,1
backgrounds,1
unanimity,1
point of view,1
similarities,1
petition,1
Human Rights Commission,1
procedure,1
races,1
Vyshinsky,1
human freedoms,1
investor,1
translation,1
French Revolution,1
Almighty God,1
strains,1
absence,1
suppression,1
accordance,1
personality,1
preoccupation,1
assignment,1
borders,1
human personality,1
top.,1
Sorbonne,1
human freedom,1
trade-union paper,1
Ukraine,1
manage,1
Member States,1
observance,1
three thousand,1
concepts,1
treaty,1
preamble,1
secret ballot,1
government help,1
trade-union,1
retrogression,1
beacon,1
monopolies,1
compliance,1
American Revolution,1
human person,1
Concern,1
accomplishment,1
crystal,1
attachment,1
human liberty,1
Human rights,1
patterns,1
salaries,1
Declaration of the Rights of Man,1
punishment,1
tax,1
grain elevators,1
family values,1
assistant district attorney,1
voting rights,1
Geraldine Ferraro,1
Change,1
survival,1
Grand Avenue,1
trends,1
austerity,1
Vice President,1
4th of July,1
block,1
contracts,1
student loans,1
share,1
Afghanistan,1
talents,1
Normandy,1
2000,1
saddens,1
businesses,1
Will America,1
Israel,1
freeze,1
21,1
limits,1
19,1
John F. Kennedy,1
banks,1
"2,000",1
utilities,1
cynic,1
senior citizens,1
nomination,1
Earth,1
Sally Ride,1
mountain,1
59,1
Martin Luther King Jr.,1
warheads,1
immigrant,1
Vietnam,1
President of the United States,1
experts,1
Presidents,1
frontier,1
Voting Rights Act,1
lock,1
Elmore,1
Chile,1
thatUnknown Soldierwho,1
family farms,1
Laura,1
Middle East,1
Nine hundred,1
dollar,1
South Africa,1
home district,1
Poland,1
Queens,1
contract,1
Donna,1
election campaign,1
corporations,1
Vice,1
subway stops,1
couples,1
bravery,1
Main Street,1
Ladies,1
set,1
Walter F. Mondale,1
Joan,1
John Brown,1
star,1
Robespieres,1
human degradation,1
Fifty thousand dollars,1
transcript,1
theTimesreporter,1
festivities,1
move,1
blindness,1
reporters,1
bottom,1
trouble-makers,1
May 23rd,1
Golden Calf,1
scores,1
superiors,1
human intelligence,1
net,1
gist,1
alter,1
proof,1
Conscription Law,1
oftheirtime,1
Resistance,1
masses,1
District Attorney,1
world slaughter,1
Camille Desmoulins,1
No-Conscription,1
pens,1
conscription,1
Havelock Ellis,1
stairs,1
Henry David Thoreau,1
circulation,1
warrant,1
Draft Bill,1
U.S.,1
contributors,1
rabble,1
criminal,1
villains,1
assemblage,1
deserts,1
sport,1
shirker,1
bayonet,1
scrap,1
co-defendant,1
David,1
No-Conscription League,1
eve,1
comedy,1
season,1
designs,1
disturbers,1
heroes,1
1825,1
anthem,1
BLAST,1
insult,1
dozen,1
immortality,1
notes,1
Cadell,1
canyons,1
boasts,1
wrongs,1
atoms,1
farce-comedy,1
chain,1
prostitution,1
police department,1
cant,1
The Psychology of Political Violence,1
MOTHER EARTH,1
decency,1
teapot,1
espionage bill,1
necks,1
shooting jack rabbits,1
consequence,1
registration,1
rebels,1
interviews,1
destiny,1
Marshal McCarthy,1
Content,1
bindery,1
fixity,1
desks,1
eternity,1
precursor,1
wall,1
three hundred thousand,1
music,1
Russian Commission,1
showing,1
hosts,1
Anarchists,1
martyr,1
Patrolmen,1
human slaughter,1
outrages,1
intensity,1
enslavement,1
saint,1
detectives,1
stenographers,1
Rockefeller,1
sentence,1
May 18th,1
talesmen,1
emotion,1
printer,1
circus men,1
upheaval,1
"2,400",1
lungs,1
Mary Magdalene,1
detective,1
Least,1
Fifty thousand,1
Liberty,1
offender,1
chariot wheel,1
Barnum & Baily,1
Weinberger,1
essay,1
barbarians,1
Marshal,1
harbor,1
quality,1
pen,1
profession,1
French Republic,1
slacker,1
slaughter,1
Ideal,1
giving,1
physician,1
real estate,1
mountains,1
human struggle,1
human growth,1
bail,1
catch,1
indignation,1
Ralph Waldo Emerson,1
safe,1
domain,1
Springfield,1
construction,1
eighty,1
servants,1
Marseillaise,1
shirkers,1
camping ground,1
discontent,1
Belgium,1
ethics,1
EARTH,1
news,1
patriots,1
tempest,1
forethought,1
apostles,1
conquest,1
Wilson,1
tow officers,1
skin,1
speeches,1
Bruno,1