﻿most_used,frequency
people,95
one,95
all,89
men,85
life,85
country,82
world,82
man,79
way,77
nation,74
two,72
Book,71
CDs,70
Michael E. Eidenmuller,70
2008,70
McGraw-Hill,70
history,66
government,65
freedom,63
words,62
part,61
course,61
place,61
war,61
right,60
friends,60
God,60
power,60
things,60
others,59
children,58
peace,57
fact,57
society,57
nothing,56
lives,55
opportunity,55
some,55
women,54
work,54
order,54
purpose,52
home,52
President,51
three,51
many,50
hope,50
sense,50
nations,49
rights,48